PC6;;;;
1211AA;;;;
1211AB;;;;
1211AC;;;;
1211AD;;;;
1211AE;;;;
1211AG;;;;
1211AH;;;;
1211AJ;;;;
1211AK;;;;
1211AL;;;;
1211AM;;;;
1211AN;;;;
1211AP;;;;
1211AR;;;;
1211AS;;;;
1211AT;;;;
1211AV;;;;
1211AW;;;;
1211AX;;;;
1211AZ;;;;
1211BA;;;;
1211BB;;;;
1211BC;;;;
1211BD;;;;
1211BE;;;;
1211BG;;;;
1211BH;;;;
1211BJ;;;;
1211BK;;;;
1211BL;;;;
1211BM;;;;
1211BN;;;;
1211BP;;;;
1211BR;;;;
1211BS;;;;
1211BT;;;;
1211BV;;;;
1211BW;;;;
1211BX;;;;
1211BZ;;;;
1211CA;;;;
1211CB;;;;
1211CC;;;;
1211CD;;;;
1211CE;;;;
1211CG;;;;
1211CH;;;;
1211CJ;;;;
1211CK;;;;
1211CL;;;;
1211CM;;;;
1211CN;;;;
1211CP;;;;
1211CR;;;;
1211CS;;;;
1211CT;;;;
1211CV;;;;
1211CW;;;;
1211CX;;;;
1211CZ;;;;
1211DA;;;;
1211DB;;;;
1211DC;;;;
1211DE;;;;
1211DG;;;;
1211DH;;;;
1211DJ;;;;
1211DK;;;;
1211DL;;;;
1211DN;;;;
1211DZ;;;;
1211EA;;;;
1211EB;;;;
1211EC;;;;
1211ED;;;;
1211EE;;;;
1211EG;;;;
1211EH;;;;
1211EJ;;;;
1211EK;;;;
1211EL;;;;
1211EM;;;;
1211EN;;;;
1211EP;;;;
1211ES;;;;
1211ET;;;;
1211EV;;;;
1211EW;;;;
1211EX;;;;
1211EZ;;;;
1211GA;;;;
1211GB;;;;
1211GC;;;;
1211GD;;;;
1211GE;;;;
1211GG;;;;
1211GH;;;;
1211GJ;;;;
1211GK;;;;
1211GL;;;;
1211GM;;;;
1211GN;;;;
1211GP;;;;
1211GR;;;;
1211GS;;;;
1211GT;;;;
1211GV;;;;
1211GW;;;;
1211GX;;;;
1211GZ;;;;
1211HA;;;;
1211HB;;;;
1211HC;;;;
1211HD;;;;
1211HE;;;;
1211HG;;;;
1211HH;;;;
1211HJ;;;;
1211HK;;;;
1211HL;;;;
1211HM;;;;
1211HN;;;;
1211HP;;;;
1211HR;;;;
1211HS;;;;
1211HT;;;;
1211HV;;;;
1211HW;;;;
1211HX;;;;
1211HZ;;;;
1211JA;;;;
1211JB;;;;
1211JC;;;;
1211JD;;;;
1211JE;;;;
1211JG;;;;
1211JH;;;;
1211JJ;;;;
1211JK;;;;
1211JL;;;;
1211JM;;;;
1211JN;;;;
1211JP;;;;
1211JR;;;;
1211JS;;;;
1211JT;;;;
1211JV;;;;
1211JW;;;;
1211JX;;;;
1211JZ;;;;
1211KA;;;;
1211KB;;;;
1211KC;;;;
1211KD;;;;
1211KE;;;;
1211KG;;;;
1211KH;;;;
1211KJ;;;;
1211KK;;;;
1211KL;;;;
1211KM;;;;
1211KN;;;;
1211KP;;;;
1211KR;;;;
1211KS;;;;
1211KT;;;;
1211KV;;;;
1211KW;;;;
1211KX;;;;
1211KZ;;;;
1211LA;;;;
1211LB;;;;
1211LC;;;;
1211LD;;;;
1211LE;;;;
1211LG;;;;
1211LH;;;;
1211LJ;;;;
1211LK;;;;
1211LL;;;;
1211LM;;;;
1211LN;;;;
1211LP;;;;
1211LR;;;;
1211LS;;;;
1211LT;;;;
1211LV;;;;
1211LW;;;;
1211LX;;;;
1211LZ;;;;
1211MG;;;;
1211MH;;;;
1211MJ;;;;
1211MK;;;;
1211ML;;;;
1211MS;;;;
1211MT;;;;
1211MV;;;;
1211MW;;;;
1211MX;;;;
1211MZ;;;;
1211NA;;;;
1211NB;;;;
1211NC;;;;
1211ND;;;;
1211NE;;;;
1211NG;;;;
1211NH;;;;
1211NJ;;;;
1211NK;;;;
1211NL;;;;
1211NM;;;;
1211NN;;;;
1211NP;;;;
1211NR;;;;
1211NS;;;;
1211NT;;;;
1211NV;;;;
1211NW;;;;
1211NX;;;;
1211NZ;;;;
1211PA;;;;
1211PB;;;;
1211PD;;;;
1211PE;;;;
1211PG;;;;
1211PH;;;;
1211PJ;;;;
1211PK;;;;
1211PL;;;;
1211PM;;;;
1211PN;;;;
1211PP;;;;
1211PR;;;;
1211PS;;;;
1211PT;;;;
1211PV;;;;
1211PW;;;;
1211PX;;;;
1211PZ;;;;
1211RA;;;;
1211RB;;;;
1211RC;;;;
1211RD;;;;
1211RE;;;;
1211RH;;;;
1211RN;;;;
1211RP;;;;
1211RR;;;;
1211RS;;;;
1211RT;;;;
1211RV;;;;
1211RW;;;;
1211RX;;;;
1211RZ;;;;
1211SB;;;;
1212AA;;;;
1212AB;;;;
1212AC;;;;
1212AD;;;;
1212AE;;;;
1212AG;;;;
1212AH;;;;
1212AJ;;;;
1212AK;;;;
1212AL;;;;
1212AM;;;;
1212AN;;;;
1212AP;;;;
1212AR;;;;
1212AS;;;;
1212AT;;;;
1212AV;;;;
1212AW;;;;
1212AX;;;;
1212AZ;;;;
1212BA;;;;
1212BB;;;;
1212BC;;;;
1212BD;;;;
1212BE;;;;
1212BG;;;;
1212BH;;;;
1212BJ;;;;
1212BK;;;;
1212BL;;;;
1212BM;;;;
1212BN;;;;
1212BP;;;;
1212BR;;;;
1212BS;;;;
1212BT;;;;
1212BV;;;;
1212BW;;;;
1212BX;;;;
1212BZ;;;;
1212CA;;;;
1212CB;;;;
1212CC;;;;
1212CD;;;;
1212CE;;;;
1212CG;;;;
1212CH;;;;
1212CJ;;;;
1212CK;;;;
1212CL;;;;
1212CM;;;;
1212CN;;;;
1212CP;;;;
1212CR;;;;
1212CS;;;;
1212CT;;;;
1212CV;;;;
1212CW;;;;
1212CX;;;;
1212CZ;;;;
1212DM;;;;
1212DN;;;;
1212DP;;;;
1212DR;;;;
1212DS;;;;
1212DT;;;;
1212DV;;;;
1212DW;;;;
1212EA;;;;
1212EB;;;;
1212EC;;;;
1212ED;;;;
1212EE;;;;
1212EG;;;;
1212EH;;;;
1212EJ;;;;
1212EK;;;;
1212EL;;;;
1212EM;;;;
1212EN;;;;
1212EP;;;;
1212ER;;;;
1212ES;;;;
1212ET;;;;
1212EV;;;;
1212EW;;;;
1212EX;;;;
1212EZ;;;;
1212GA;;;;
1212GB;;;;
1212GC;;;;
1212GG;;;;
1212VH;;;;
1213AA;;;;
1213AB;;;;
1213AC;;;;
1213AD;;;;
1213AE;;;;
1213AG;;;;
1213AH;;;;
1213AJ;;;;
1213AK;;;;
1213AL;;;;
1213AM;;;;
1213AN;;;;
1213AP;;;;
1213AR;;;;
1213AS;;;;
1213AT;;;;
1213AV;;;;
1213AW;;;;
1213AX;;;;
1213AZ;;;;
1213BA;;;;
1213BB;;;;
1213BC;;;;
1213BD;;;;
1213BE;;;;
1213BG;;;;
1213BH;;;;
1213BJ;;;;
1213BK;;;;
1213BL;;;;
1213BM;;;;
1213BN;;;;
1213BP;;;;
1213BR;;;;
1213BS;;;;
1213BT;;;;
1213BV;;;;
1213BW;;;;
1213CA;;;;
1213CB;;;;
1213CC;;;;
1213CD;;;;
1213CE;;;;
1213CG;;;;
1213CH;;;;
1213CJ;;;;
1213CK;;;;
1213CL;;;;
1213CM;;;;
1213CN;;;;
1213CP;;;;
1213CR;;;;
1213CS;;;;
1213CT;;;;
1213EA;;;;
1213EB;;;;
1213EC;;;;
1213ED;;;;
1213EE;;;;
1213EG;;;;
1213EH;;;;
1213EJ;;;;
1213EK;;;;
1213EL;;;;
1213EM;;;;
1213EN;;;;
1213EP;;;;
1213ER;;;;
1213ES;;;;
1213ET;;;;
1213EV;;;;
1213EW;;;;
1213EX;;;;
1213EZ;;;;
1213LA;;;;
1213LB;;;;
1213LC;;;;
1213LD;;;;
1213LE;;;;
1213LG;;;;
1213LH;;;;
1213LJ;;;;
1213LK;;;;
1213LL;;;;
1213LM;;;;
1213LR;;;;
1213LS;;;;
1213NJ;;;;
1213NL;;;;
1213NR;;;;
1213NS;;;;
1213NT;;;;
1213NW;;;;
1213PA;;;;
1213PB;;;;
1213PC;;;;
1213PD;;;;
1213PE;;;;
1213PG;;;;
1213PH;;;;
1213PJ;;;;
1213PV;;;;
1213PW;;;;
1213PX;;;;
1213PZ;;;;
1213RC;;;;
1213RD;;;;
1213RH;;;;
1213RJ;;;;
1213RK;;;;
1213RL;;;;
1213RM;;;;
1213RN;;;;
1213RP;;;;
1213RR;;;;
1213RS;;;;
1213RT;;;;
1213RV;;;;
1213RW;;;;
1213RX;;;;
1213RZ;;;;
1213SB;;;;
1213SC;;;;
1213SE;;;;
1213SG;;;;
1213SH;;;;
1213SJ;;;;
1213SK;;;;
1213SL;;;;
1213SM;;;;
1213SP;;;;
1213SR;;;;
1213ST;;;;
1213SV;;;;
1213SW;;;;
1213SX;;;;
1213SZ;;;;
1213TA;;;;
1213TB;;;;
1213TC;;;;
1213TD;;;;
1213TE;;;;
1213TG;;;;
1213TH;;;;
1213TJ;;;;
1213TK;;;;
1213TL;;;;
1213TM;;;;
1213TN;;;;
1213TP;;;;
1213TR;;;;
1213TS;;;;
1213TT;;;;
1213TV;;;;
1213TW;;;;
1213TX;;;;
1213TZ;;;;
1213VA;;;;
1213VB;;;;
1213VC;;;;
1213VD;;;;
1213VE;;;;
1213VG;;;;
1213VH;;;;
1213VJ;;;;
1213VK;;;;
1213VL;;;;
1213VM;;;;
1213VN;;;;
1213VP;;;;
1213VR;;;;
1213VS;;;;
1213VT;;;;
1213VV;;;;
1213VW;;;;
1213VX;;;;
1213WB;;;;
1213XA;;;;
1213XB;;;;
1213XC;;;;
1213XD;;;;
1213XE;;;;
1213XG;;;;
1213XH;;;;
1213XJ;;;;
1213XK;;;;
1213XL;;;;
1213XM;;;;
1213XN;;;;
1213XP;;;;
1213XR;;;;
1213XS;;;;
1213XT;;;;
1213XV;;;;
1213XW;;;;
1213XX;;;;
1213XZ;;;;
1213ZA;;;;
1213ZB;;;;
1213ZC;;;;
1213ZD;;;;
1214AA;;;;
1214AB;;;;
1214AC;;;;
1214AD;;;;
1214AE;;;;
1214AG;;;;
1214AH;;;;
1214AJ;;;;
1214AK;;;;
1214AL;;;;
1214AM;;;;
1214AN;;;;
1214AP;;;;
1214AR;;;;
1214AS;;;;
1214AT;;;;
1214AV;;;;
1214AW;;;;
1214AX;;;;
1214AZ;;;;
1214BA;;;;
1214BB;;;;
1214BC;;;;
1214BD;;;;
1214BE;;;;
1214BG;;;;
1214BH;;;;
1214BJ;;;;
1214BK;;;;
1214BL;;;;
1214BM;;;;
1214BN;;;;
1214BP;;;;
1214BR;;;;
1214BS;;;;
1214BT;;;;
1214BV;;;;
1214BW;;;;
1214BX;;;;
1214BZ;;;;
1214CA;;;;
1214CB;;;;
1214CC;;;;
1214CD;;;;
1214CE;;;;
1214CG;;;;
1214CH;;;;
1214CJ;;;;
1214CK;;;;
1214CL;;;;
1214CM;;;;
1214CN;;;;
1214CP;;;;
1214CR;;;;
1214CS;;;;
1214CT;;;;
1214CV;;;;
1214CW;;;;
1214CX;;;;
1214EA;;;;
1214EB;;;;
1214EC;;;;
1214ED;;;;
1214EE;;;;
1214EG;;;;
1214EH;;;;
1214EJ;;;;
1214EK;;;;
1214EL;;;;
1214EM;;;;
1214EN;;;;
1214EP;;;;
1214ER;;;;
1214ES;;;;
1214ET;;;;
1214EV;;;;
1214EW;;;;
1214EX;;;;
1214EZ;;;;
1214GA;;;;
1214GB;;;;
1214GC;;;;
1214GD;;;;
1214GE;;;;
1214GG;;;;
1214GH;;;;
1214GJ;;;;
1214GK;;;;
1214GL;;;;
1214GM;;;;
1214GN;;;;
1214GP;;;;
1214GR;;;;
1214GS;;;;
1214GT;;;;
1214GV;;;;
1214GW;;;;
1214GX;;;;
1214GZ;;;;
1214HA;;;;
1214HB;;;;
1214HC;;;;
1214HD;;;;
1214HE;;;;
1214HG;;;;
1214HH;;;;
1214HJ;;;;
1214HK;;;;
1214HL;;;;
1214HM;;;;
1214HN;;;;
1214HP;;;;
1214HR;;;;
1214HS;;;;
1214HT;;;;
1214HV;;;;
1214HW;;;;
1214HX;;;;
1214HZ;;;;
1214JA;;;;
1214JB;;;;
1214JC;;;;
1214JD;;;;
1214JE;;;;
1214JG;;;;
1214JH;;;;
1214JJ;;;;
1214JK;;;;
1214JL;;;;
1214JM;;;;
1214JN;;;;
1214JP;;;;
1214JR;;;;
1214JS;;;;
1214JT;;;;
1214JV;;;;
1214JW;;;;
1214JX;;;;
1214JZ;;;;
1214KA;;;;
1214KB;;;;
1214KC;;;;
1214KD;;;;
1214KE;;;;
1214KG;;;;
1214KH;;;;
1214KJ;;;;
1214KK;;;;
1214KL;;;;
1214KM;;;;
1214KN;;;;
1214KP;;;;
1214KR;;;;
1214KS;;;;
1214KT;;;;
1214KV;;;;
1214KW;;;;
1214KX;;;;
1214KZ;;;;
1214LA;;;;
1214LB;;;;
1214LC;;;;
1214LD;;;;
1214LE;;;;
1214LG;;;;
1214LH;;;;
1214LJ;;;;
1214LK;;;;
1214LL;;;;
1214LM;;;;
1214LN;;;;
1214LP;;;;
1214LR;;;;
1214LS;;;;
1214LT;;;;
1214LV;;;;
1214LW;;;;
1214LX;;;;
1214LZ;;;;
1214NB;;;;
1214NC;;;;
1214ND;;;;
1214NE;;;;
1214NG;;;;
1214NH;;;;
1214NJ;;;;
1215AA;;;;
1215AB;;;;
1215AC;;;;
1215AD;;;;
1215AE;;;;
1215AG;;;;
1215AH;;;;
1215AJ;;;;
1215AK;;;;
1215AL;;;;
1215AM;;;;
1215AN;;;;
1215AP;;;;
1215AR;;;;
1215AS;;;;
1215AT;;;;
1215AV;;;;
1215AW;;;;
1215AX;;;;
1215AZ;;;;
1215BA;;;;
1215BB;;;;
1215BC;;;;
1215BD;;;;
1215BE;;;;
1215BG;;;;
1215BH;;;;
1215BJ;;;;
1215BK;;;;
1215BL;;;;
1215BM;;;;
1215BN;;;;
1215BP;;;;
1215BR;;;;
1215BS;;;;
1215BT;;;;
1215BV;;;;
1215BW;;;;
1215BX;;;;
1215BZ;;;;
1215CA;;;;
1215CB;;;;
1215CC;;;;
1215CD;;;;
1215CE;;;;
1215CG;;;;
1215CH;;;;
1215CJ;;;;
1215CK;;;;
1215CL;;;;
1215CM;;;;
1215CN;;;;
1215CP;;;;
1215CR;;;;
1215CS;;;;
1215CT;;;;
1215CV;;;;
1215CW;;;;
1215CX;;;;
1215CZ;;;;
1215DA;;;;
1215DB;;;;
1215EA;;;;
1215EB;;;;
1215EC;;;;
1215ED;;;;
1215EE;;;;
1215EG;;;;
1215EH;;;;
1215EJ;;;;
1215EK;;;;
1215EL;;;;
1215EM;;;;
1215EN;;;;
1215EP;;;;
1215ER;;;;
1215ES;;;;
1215ET;;;;
1215EV;;;;
1215EW;;;;
1215EX;;;;
1215EZ;;;;
1215GA;;;;
1215GB;;;;
1215GC;;;;
1215GD;;;;
1215GE;;;;
1215GG;;;;
1215GH;;;;
1215GJ;;;;
1215GK;;;;
1215GL;;;;
1215GM;;;;
1215GN;;;;
1215GP;;;;
1215GR;;;;
1215GS;;;;
1215GT;;;;
1215GV;;;;
1215GW;;;;
1215GX;;;;
1215HA;;;;
1215HB;;;;
1215HC;;;;
1215HD;;;;
1215HE;;;;
1215HG;;;;
1215HH;;;;
1215HJ;;;;
1215HK;;;;
1215HL;;;;
1215HM;;;;
1215HN;;;;
1215HP;;;;
1215HR;;;;
1215HS;;;;
1215HT;;;;
1215HV;;;;
1215HW;;;;
1215HX;;;;
1215JA;;;;
1215JB;;;;
1215JC;;;;
1215JD;;;;
1215JE;;;;
1215JG;;;;
1215JH;;;;
1215JJ;;;;
1215JK;;;;
1215JL;;;;
1215JM;;;;
1215JN;;;;
1215JP;;;;
1215JR;;;;
1215JS;;;;
1215JT;;;;
1215JV;;;;
1215JW;;;;
1215JX;;;;
1215JZ;;;;
1215KA;;;;
1215KB;;;;
1215KC;;;;
1215KE;;;;
1215KG;;;;
1215KH;;;;
1215KJ;;;;
1215KK;;;;
1215KL;;;;
1215KM;;;;
1215KN;;;;
1215KP;;;;
1215KR;;;;
1215KS;;;;
1215KT;;;;
1215KV;;;;
1215KW;;;;
1215KX;;;;
1215KZ;;;;
1215LA;;;;
1215LB;;;;
1215LC;;;;
1215LD;;;;
1215LE;;;;
1215LG;;;;
1215LH;;;;
1215LJ;;;;
1215LK;;;;
1215LL;;;;
1215LM;;;;
1215LN;;;;
1215LP;;;;
1215LR;;;;
1215LS;;;;
1215LT;;;;
1215LV;;;;
1215LW;;;;
1215LX;;;;
1215LZ;;;;
1215NA;;;;
1215NB;;;;
1215NC;;;;
1215ND;;;;
1215NE;;;;
1215NG;;;;
1215NH;;;;
1215NJ;;;;
1215NK;;;;
1215NL;;;;
1215NM;;;;
1215NN;;;;
1215NP;;;;
1215NR;;;;
1215NS;;;;
1215NT;;;;
1215NV;;;;
1215NW;;;;
1215NX;;;;
1215NZ;;;;
1215PA;;;;
1215PB;;;;
1215PC;;;;
1215PD;;;;
1215PE;;;;
1215PG;;;;
1215PH;;;;
1215PJ;;;;
1215PK;;;;
1215PL;;;;
1215PM;;;;
1215PN;;;;
1215PP;;;;
1215PR;;;;
1215PS;;;;
1215PV;;;;
1215PW;;;;
1215PX;;;;
1215PZ;;;;
1215RA;;;;
1215RB;;;;
1215RC;;;;
1215RH;;;;
1215RJ;;;;
1215RK;;;;
1215RL;;;;
1215RM;;;;
1215RN;;;;
1215RP;;;;
1215RR;;;;
1215RS;;;;
1215SB;;;;
1215SC;;;;
1215SE;;;;
1215SG;;;;
1215SH;;;;
1215SJ;;;;
1215SK;;;;
1215SL;;;;
1215SM;;;;
1215SN;;;;
1215SP;;;;
1215SR;;;;
1215ST;;;;
1216AA;;;;
1216AB;;;;
1216AC;;;;
1216AD;;;;
1216AE;;;;
1216AG;;;;
1216AH;;;;
1216AJ;;;;
1216AK;;;;
1216AL;;;;
1216AM;;;;
1216AN;;;;
1216AP;;;;
1216AR;;;;
1216AS;;;;
1216AT;;;;
1216AV;;;;
1216AW;;;;
1216AX;;;;
1216AZ;;;;
1216BC;;;;
1216BD;;;;
1216BE;;;;
1216BG;;;;
1216BH;;;;
1216BK;;;;
1216BL;;;;
1216BN;;;;
1216BP;;;;
1216BS;;;;
1216BT;;;;
1216BW;;;;
1216BX;;;;
1216BZ;;;;
1216CA;;;;
1216CB;;;;
1216CC;;;;
1216CD;;;;
1216CE;;;;
1216CG;;;;
1216CH;;;;
1216CK;;;;
1216CL;;;;
1216CM;;;;
1216CN;;;;
1216CP;;;;
1216CR;;;;
1216CS;;;;
1216CT;;;;
1216CV;;;;
1216CW;;;;
1216CX;;;;
1216CZ;;;;
1216DA;;;;
1216DE;;;;
1216DG;;;;
1216DH;;;;
1216EA;;;;
1216EB;;;;
1216EC;;;;
1216ED;;;;
1216EE;;;;
1216EG;;;;
1216EH;;;;
1216EJ;;;;
1216EK;;;;
1216EL;;;;
1216EM;;;;
1216EN;;;;
1216EP;;;;
1216ER;;;;
1216ES;;;;
1216ET;;;;
1216EV;;;;
1216EW;;;;
1216EX;;;;
1216EZ;;;;
1216GA;;;;
1216GB;;;;
1216GC;;;;
1216GD;;;;
1216GE;;;;
1216GG;;;;
1216GH;;;;
1216GJ;;;;
1216GK;;;;
1216GL;;;;
1216GM;;;;
1216GN;;;;
1216GP;;;;
1216GR;;;;
1216GS;;;;
1216GT;;;;
1216GV;;;;
1216GW;;;;
1216GX;;;;
1216GZ;;;;
1216HA;;;;
1216HB;;;;
1216HC;;;;
1216HD;;;;
1216HE;;;;
1216HG;;;;
1216HH;;;;
1216HJ;;;;
1216HK;;;;
1216HL;;;;
1216HM;;;;
1216HN;;;;
1216HP;;;;
1216HR;;;;
1216HS;;;;
1216HX;;;;
1216JA;;;;
1216JB;;;;
1216JC;;;;
1216JD;;;;
1216JE;;;;
1216JG;;;;
1216JH;;;;
1216JJ;;;;
1216JK;;;;
1216JL;;;;
1216JM;;;;
1216JN;;;;
1216JP;;;;
1216JR;;;;
1216JS;;;;
1216JT;;;;
1216JV;;;;
1216JW;;;;
1216JX;;;;
1216JZ;;;;
1216KA;;;;
1216KB;;;;
1216KC;;;;
1216KD;;;;
1216KE;;;;
1216KG;;;;
1216KH;;;;
1216KJ;;;;
1216KK;;;;
1216KL;;;;
1216KM;;;;
1216KN;;;;
1216KP;;;;
1216KR;;;;
1216KS;;;;
1216KT;;;;
1216KV;;;;
1216KW;;;;
1216KX;;;;
1216KZ;;;;
1216LA;;;;
1216LB;;;;
1216LC;;;;
1216LD;;;;
1216LE;;;;
1216LG;;;;
1216LH;;;;
1216LJ;;;;
1216LK;;;;
1216LL;;;;
1216LM;;;;
1216LN;;;;
1216LP;;;;
1216LR;;;;
1216LS;;;;
1216LT;;;;
1216LV;;;;
1216LW;;;;
1216LX;;;;
1216LZ;;;;
1216MA;;;;
1216MB;;;;
1216MC;;;;
1216MD;;;;
1216ME;;;;
1216MH;;;;
1216MJ;;;;
1216MK;;;;
1216ML;;;;
1216MN;;;;
1216NA;;;;
1216NB;;;;
1216NC;;;;
1216ND;;;;
1216NE;;;;
1216NG;;;;
1216NH;;;;
1216NJ;;;;
1216NK;;;;
1216NL;;;;
1216NM;;;;
1216NN;;;;
1216NP;;;;
1216NR;;;;
1216NS;;;;
1216NT;;;;
1216NV;;;;
1216NW;;;;
1216NX;;;;
1216NZ;;;;
1216PA;;;;
1216PB;;;;
1216PC;;;;
1216PD;;;;
1216PE;;;;
1216PG;;;;
1216PH;;;;
1216PJ;;;;
1216PK;;;;
1216PL;;;;
1216PM;;;;
1216PN;;;;
1216PP;;;;
1216PR;;;;
1216PS;;;;
1216PT;;;;
1216PV;;;;
1216PW;;;;
1216PX;;;;
1216PZ;;;;
1216RA;;;;
1216RB;;;;
1216RC;;;;
1216RD;;;;
1216RE;;;;
1216RG;;;;
1216RH;;;;
1216RJ;;;;
1216RK;;;;
1216RL;;;;
1216RM;;;;
1216RN;;;;
1216RP;;;;
1216RR;;;;
1216RW;;;;
1216RX;;;;
1216RZ;;;;
1216SB;;;;
1216SE;;;;
1216SG;;;;
1216SK;;;;
1216SL;;;;
1216SM;;;;
1216SN;;;;
1216SP;;;;
1216SR;;;;
1216ST;;;;
1216SV;;;;
1216SW;;;;
1216SX;;;;
1216SZ;;;;
1216TA;;;;
1216TE;;;;
1216TG;;;;
1216TH;;;;
1216TJ;;;;
1216TK;;;;
1217AA;;;;
1217AB;;;;
1217AC;;;;
1217AD;;;;
1217AE;;;;
1217AG;;;;
1217AH;;;;
1217AJ;;;;
1217AK;;;;
1217AL;;;;
1217AM;;;;
1217AN;;;;
1217AP;;;;
1217AR;;;;
1217AS;;;;
1217AT;;;;
1217AV;;;;
1217AW;;;;
1217AX;;;;
1217AZ;;;;
1217BA;;;;
1217BC;;;;
1217BD;;;;
1217BE;;;;
1217BG;;;;
1217BH;;;;
1217BJ;;;;
1217BL;;;;
1217BM;;;;
1217BN;;;;
1217BP;;;;
1217BR;;;;
1217BS;;;;
1217BT;;;;
1217BV;;;;
1217BW;;;;
1217BX;;;;
1217BZ;;;;
1217CA;;;;
1217CB;;;;
1217CC;;;;
1217CD;;;;
1217CE;;;;
1217CG;;;;
1217CH;;;;
1217CJ;;;;
1217CK;;;;
1217CL;;;;
1217CM;;;;
1217CN;;;;
1217CP;;;;
1217CR;;;;
1217CS;;;;
1217CT;;;;
1217CV;;;;
1217CW;;;;
1217CX;;;;
1217CZ;;;;
1217DC;;;;
1217DG;;;;
1217DJ;;;;
1217DK;;;;
1217DL;;;;
1217DM;;;;
1217DT;;;;
1217DV;;;;
1217DW;;;;
1217DX;;;;
1217DZ;;;;
1217EA;;;;
1217EB;;;;
1217EC;;;;
1217ED;;;;
1217EE;;;;
1217EG;;;;
1217EH;;;;
1217EJ;;;;
1217EK;;;;
1217EL;;;;
1217EN;;;;
1217EP;;;;
1217ER;;;;
1217ES;;;;
1217ET;;;;
1217EW;;;;
1217EZ;;;;
1217GA;;;;
1217GB;;;;
1217GC;;;;
1217GD;;;;
1217GE;;;;
1217GG;;;;
1217GH;;;;
1217GJ;;;;
1217GK;;;;
1217GL;;;;
1217GM;;;;
1217GN;;;;
1217GP;;;;
1217GR;;;;
1217GS;;;;
1217GT;;;;
1217GV;;;;
1217GW;;;;
1217GX;;;;
1217GZ;;;;
1217HA;;;;
1217HB;;;;
1217HC;;;;
1217HD;;;;
1217HE;;;;
1217HG;;;;
1217HH;;;;
1217HJ;;;;
1217HK;;;;
1217HL;;;;
1217HM;;;;
1217HN;;;;
1217HP;;;;
1217HR;;;;
1217HS;;;;
1217HT;;;;
1217HV;;;;
1217HW;;;;
1217HX;;;;
1217HZ;;;;
1217JA;;;;
1217JB;;;;
1217JC;;;;
1217JD;;;;
1217JE;;;;
1217JG;;;;
1217JH;;;;
1217JJ;;;;
1217JK;;;;
1217JL;;;;
1217JM;;;;
1217JN;;;;
1217JP;;;;
1217JR;;;;
1217JS;;;;
1217JT;;;;
1217JV;;;;
1217JW;;;;
1217JX;;;;
1217JZ;;;;
1217KA;;;;
1217KB;;;;
1217KC;;;;
1217KD;;;;
1217KE;;;;
1217KG;;;;
1217KH;;;;
1217KJ;;;;
1217KK;;;;
1217KL;;;;
1217KM;;;;
1217KN;;;;
1217KP;;;;
1217KR;;;;
1217KS;;;;
1217KT;;;;
1217KV;;;;
1217KW;;;;
1217KX;;;;
1217KZ;;;;
1217LA;;;;
1217LB;;;;
1217LC;;;;
1217LD;;;;
1217LE;;;;
1217LG;;;;
1217LH;;;;
1217LJ;;;;
1217LK;;;;
1217LL;;;;
1217LM;;;;
1217LN;;;;
1217LP;;;;
1217LR;;;;
1217LS;;;;
1217LT;;;;
1217LV;;;;
1217LW;;;;
1217LX;;;;
1217LZ;;;;
1217MA;;;;
1217MB;;;;
1217MC;;;;
1217NA;;;;
1217NB;;;;
1217NC;;;;
1217ND;;;;
1217NE;;;;
1217NG;;;;
1217NH;;;;
1217NJ;;;;
1217NK;;;;
1217NL;;;;
1217NM;;;;
1217NN;;;;
1217NP;;;;
1217NR;;;;
1217NS;;;;
1217NT;;;;
1217NV;;;;
1217NW;;;;
1217NX;;;;
1217NZ;;;;
1217PB;;;;
1217PC;;;;
1217PD;;;;
1217PE;;;;
1217PG;;;;
1217PH;;;;
1217PJ;;;;
1217PK;;;;
1217PL;;;;
1217PM;;;;
1217PN;;;;
1217PP;;;;
1217PR;;;;
1217PS;;;;
1217PT;;;;
1217PV;;;;
1217PW;;;;
1217PX;;;;
1217PZ;;;;
1217RA;;;;
1217RB;;;;
1217RC;;;;
1217RD;;;;
1217RE;;;;
1217RG;;;;
1217RH;;;;
1217RJ;;;;
1217RK;;;;
1217RL;;;;
1217RM;;;;
1217RN;;;;
1217RP;;;;
1217RR;;;;
1217RS;;;;
1217RT;;;;
1217RV;;;;
1217RW;;;;
1217RX;;;;
1217RZ;;;;
1217SB;;;;
1217SC;;;;
1217SE;;;;
1217SG;;;;
1217SH;;;;
1217SJ;;;;
1217SK;;;;
1217SL;;;;
1217SM;;;;
1217SN;;;;
1217SP;;;;
1217SR;;;;
1217ST;;;;
1217SV;;;;
1217SW;;;;
1217SX;;;;
1217SZ;;;;
1217TA;;;;
1217TB;;;;
1217TC;;;;
1217TD;;;;
1217TE;;;;
1217TG;;;;
1217TH;;;;
1217TJ;;;;
1217TK;;;;
1217TL;;;;
1217TM;;;;
1217TN;;;;
1217WE;;;;
1217WH;;;;
1217WP;;;;
1217ZC;;;;
1218AA;;;;
1218AB;;;;
1218AC;;;;
1218AD;;;;
1218AE;;;;
1218AG;;;;
1218AH;;;;
1218AJ;;;;
1218AK;;;;
1218AL;;;;
1218AM;;;;
1218AN;;;;
1218AP;;;;
1218AR;;;;
1218AS;;;;
1218AT;;;;
1218AV;;;;
1218AW;;;;
1218AX;;;;
1218AZ;;;;
1218BA;;;;
1218BB;;;;
1218BC;;;;
1218BD;;;;
1218BE;;;;
1218BJ;;;;
1218BK;;;;
1218BL;;;;
1218BM;;;;
1218BN;;;;
1218BP;;;;
1218BR;;;;
1218BS;;;;
1218BT;;;;
1218BV;;;;
1218BW;;;;
1218BX;;;;
1218BZ;;;;
1218CB;;;;
1218CC;;;;
1218CD;;;;
1218CE;;;;
1218CG;;;;
1218CH;;;;
1218CJ;;;;
1218CK;;;;
1218CL;;;;
1218CM;;;;
1218CN;;;;
1218CP;;;;
1218CR;;;;
1218CS;;;;
1218CT;;;;
1218CV;;;;
1218CW;;;;
1218CX;;;;
1218CZ;;;;
1218EA;;;;
1218EB;;;;
1218EC;;;;
1218ED;;;;
1218EE;;;;
1218EG;;;;
1218EH;;;;
1218EJ;;;;
1218EK;;;;
1218EL;;;;
1218EM;;;;
1218EN;;;;
1218EP;;;;
1218ER;;;;
1218ES;;;;
1218ET;;;;
1218EV;;;;
1218EW;;;;
1218EX;;;;
1218EZ;;;;
1218GA;;;;
1218GB;;;;
1218GC;;;;
1218GD;;;;
1218GE;;;;
1218GG;;;;
1218GH;;;;
1218GJ;;;;
1218GK;;;;
1218GL;;;;
1218GM;;;;
1218GN;;;;
1218GP;;;;
1218GR;;;;
1218GS;;;;
1218GT;;;;
1218GV;;;;
1218GW;;;;
1218GX;;;;
1218GZ;;;;
1218HA;;;;
1218HB;;;;
1218HC;;;;
1218HD;;;;
1218HE;;;;
1218HG;;;;
1218HH;;;;
1218HJ;;;;
1221AA;;;;
1221AB;;;;
1221AC;;;;
1221AD;;;;
1221AE;;;;
1221AG;;;;
1221AH;;;;
1221AJ;;;;
1221AK;;;;
1221AL;;;;
1221AM;;;;
1221AN;;;;
1221AP;;;;
1221AR;;;;
1221AS;;;;
1221AT;;;;
1221AV;;;;
1221AW;;;;
1221AX;;;;
1221AZ;;;;
1221BA;;;;
1221BB;;;;
1221BC;;;;
1221BD;;;;
1221BE;;;;
1221BG;;;;
1221BH;;;;
1221BJ;;;;
1221BK;;;;
1221BL;;;;
1221BM;;;;
1221BN;;;;
1221BP;;;;
1221BR;;;;
1221BS;;;;
1221BT;;;;
1221BV;;;;
1221BW;;;;
1221BX;;;;
1221BZ;;;;
1221CA;;;;
1221CB;;;;
1221CC;;;;
1221CD;;;;
1221CE;;;;
1221CG;;;;
1221CH;;;;
1221CJ;;;;
1221CK;;;;
1221CL;;;;
1221CM;;;;
1221CN;;;;
1221CP;;;;
1221CR;;;;
1221CS;;;;
1221CT;;;;
1221CV;;;;
1221CW;;;;
1221CX;;;;
1221CZ;;;;
1221DE;;;;
1221DG;;;;
1221DH;;;;
1221DJ;;;;
1221EA;;;;
1221EB;;;;
1221EC;;;;
1221ED;;;;
1221EE;;;;
1221EG;;;;
1221EH;;;;
1221EJ;;;;
1221EL;;;;
1221EM;;;;
1221EN;;;;
1221EP;;;;
1221ER;;;;
1221ES;;;;
1221ET;;;;
1221EV;;;;
1221EW;;;;
1221EX;;;;
1221EZ;;;;
1221GA;;;;
1221GB;;;;
1221GC;;;;
1221GD;;;;
1221GE;;;;
1221GG;;;;
1221GH;;;;
1221GJ;;;;
1221GK;;;;
1221GL;;;;
1221GM;;;;
1221GN;;;;
1221GP;;;;
1221GR;;;;
1221GS;;;;
1221GT;;;;
1221GV;;;;
1221GW;;;;
1221GX;;;;
1221GZ;;;;
1221HA;;;;
1221HB;;;;
1221HC;;;;
1221HD;;;;
1221HE;;;;
1221HG;;;;
1221HH;;;;
1221HJ;;;;
1221HK;;;;
1221HL;;;;
1221HM;;;;
1221HN;;;;
1221HP;;;;
1221HR;;;;
1221HS;;;;
1221HT;;;;
1221HV;;;;
1221HW;;;;
1221HX;;;;
1221HZ;;;;
1221JA;;;;
1221JB;;;;
1221JG;;;;
1221JH;;;;
1221JJ;;;;
1221JK;;;;
1221JL;;;;
1221JM;;;;
1221JN;;;;
1221JP;;;;
1221JR;;;;
1221JS;;;;
1221JT;;;;
1221JV;;;;
1221JW;;;;
1221JX;;;;
1221JZ;;;;
1221KA;;;;
1221KB;;;;
1221KC;;;;
1221KD;;;;
1221KE;;;;
1221KG;;;;
1221KH;;;;
1221KJ;;;;
1221KK;;;;
1221KL;;;;
1221KM;;;;
1221KN;;;;
1221KP;;;;
1221KR;;;;
1221KS;;;;
1221KT;;;;
1221KV;;;;
1221KW;;;;
1221KX;;;;
1221KZ;;;;
1221LA;;;;
1221LB;;;;
1221LC;;;;
1221LD;;;;
1221LE;;;;
1221LG;;;;
1221LH;;;;
1221LJ;;;;
1221LK;;;;
1221LL;;;;
1221LM;;;;
1221LN;;;;
1221LP;;;;
1221LR;;;;
1221LV;;;;
1221LW;;;;
1221MA;;;;
1221NA;;;;
1221NB;;;;
1221ND;;;;
1221NE;;;;
1221NG;;;;
1221SB;;;;
1221SC;;;;
1221SE;;;;
1222AA;;;;
1222AB;;;;
1222AC;;;;
1222AD;;;;
1222AE;;;;
1222AG;;;;
1222AH;;;;
1222AJ;;;;
1222AK;;;;
1222AL;;;;
1222AM;;;;
1222AN;;;;
1222AP;;;;
1222AR;;;;
1222AS;;;;
1222AT;;;;
1222AV;;;;
1222AW;;;;
1222AX;;;;
1222AZ;;;;
1222BA;;;;
1222BB;;;;
1222BC;;;;
1222BD;;;;
1222BE;;;;
1222BH;;;;
1222BJ;;;;
1222BK;;;;
1222BL;;;;
1222BM;;;;
1222BN;;;;
1222BP;;;;
1222BR;;;;
1222BS;;;;
1222BT;;;;
1222BV;;;;
1222BW;;;;
1222BX;;;;
1222BZ;;;;
1222CA;;;;
1222CB;;;;
1222CC;;;;
1222CD;;;;
1222CE;;;;
1222CG;;;;
1222CH;;;;
1222CJ;;;;
1222CK;;;;
1222CL;;;;
1222CM;;;;
1222CN;;;;
1222CP;;;;
1222CR;;;;
1222CS;;;;
1222CT;;;;
1222CV;;;;
1222CW;;;;
1222CX;;;;
1222CZ;;;;
1222DA;;;;
1222DB;;;;
1222DK;;;;
1222DL;;;;
1222DM;;;;
1222DN;;;;
1222EA;;;;
1222EB;;;;
1222EC;;;;
1222ED;;;;
1222EE;;;;
1222EG;;;;
1222EH;;;;
1222EJ;;;;
1222EK;;;;
1222EL;;;;
1222EM;;;;
1222EN;;;;
1222EP;;;;
1222ER;;;;
1222ES;;;;
1222ET;;;;
1222EV;;;;
1222EW;;;;
1222EX;;;;
1222EZ;;;;
1222GA;;;;
1222GB;;;;
1222GC;;;;
1222GD;;;;
1222GE;;;;
1222GG;;;;
1222GH;;;;
1222GJ;;;;
1222GK;;;;
1222GL;;;;
1222GM;;;;
1222GN;;;;
1222GP;;;;
1222GR;;;;
1222GS;;;;
1222GT;;;;
1222GV;;;;
1222GW;;;;
1222GX;;;;
1222GZ;;;;
1222HA;;;;
1222HB;;;;
1222HC;;;;
1222HD;;;;
1222HE;;;;
1222HG;;;;
1222HH;;;;
1222HJ;;;;
1222HK;;;;
1222HL;;;;
1222HM;;;;
1222HN;;;;
1222HP;;;;
1222HR;;;;
1222HS;;;;
1222HT;;;;
1222HV;;;;
1222HW;;;;
1222HX;;;;
1222HZ;;;;
1222JA;;;;
1222JB;;;;
1222JC;;;;
1222JD;;;;
1222JE;;;;
1222JG;;;;
1222JH;;;;
1222JJ;;;;
1222JK;;;;
1222JL;;;;
1222JM;;;;
1222JN;;;;
1222JP;;;;
1222JR;;;;
1222JS;;;;
1222JT;;;;
1222JV;;;;
1222JW;;;;
1222JX;;;;
1222JZ;;;;
1222KA;;;;
1222KB;;;;
1222KC;;;;
1222KD;;;;
1222KE;;;;
1222KG;;;;
1222KH;;;;
1222KJ;;;;
1222KK;;;;
1222KL;;;;
1222KM;;;;
1222KN;;;;
1222KP;;;;
1222KR;;;;
1222KS;;;;
1222KT;;;;
1222KV;;;;
1222KW;;;;
1222KX;;;;
1222KZ;;;;
1222LA;;;;
1222LB;;;;
1222LC;;;;
1222LD;;;;
1222LE;;;;
1222LG;;;;
1222LH;;;;
1222LJ;;;;
1222LK;;;;
1222LL;;;;
1222LM;;;;
1222LN;;;;
1222LP;;;;
1222LR;;;;
1222LS;;;;
1222LT;;;;
1222LV;;;;
1222LW;;;;
1222LX;;;;
1222LZ;;;;
1222NA;;;;
1222NB;;;;
1222NC;;;;
1222ND;;;;
1222NE;;;;
1222NG;;;;
1222NH;;;;
1222NJ;;;;
1222NK;;;;
1222NL;;;;
1222NM;;;;
1222NN;;;;
1222NP;;;;
1222NR;;;;
1222NS;;;;
1222NT;;;;
1222NV;;;;
1222NW;;;;
1222NX;;;;
1222NZ;;;;
1222PA;;;;
1222PB;;;;
1222PC;;;;
1222PD;;;;
1222PE;;;;
1222PG;;;;
1222PH;;;;
1222PJ;;;;
1222PK;;;;
1222PL;;;;
1222PM;;;;
1222PN;;;;
1222PP;;;;
1222PR;;;;
1222PS;;;;
1222PT;;;;
1222PV;;;;
1222PW;;;;
1222PX;;;;
1222PZ;;;;
1222RA;;;;
1222RB;;;;
1222RC;;;;
1222RD;;;;
1222RE;;;;
1222RG;;;;
1222RH;;;;
1222RJ;;;;
1222RK;;;;
1222RL;;;;
1222RM;;;;
1222RN;;;;
1222RP;;;;
1222RR;;;;
1222RS;;;;
1222RT;;;;
1222RV;;;;
1222RW;;;;
1222RX;;;;
1222RZ;;;;
1222SB;;;;
1222SC;;;;
1222SE;;;;
1222SG;;;;
1222SH;;;;
1222SJ;;;;
1222SK;;;;
1222SL;;;;
1222SM;;;;
1222SN;;;;
1222SP;;;;
1222SR;;;;
1222ST;;;;
1222SV;;;;
1222SW;;;;
1222SX;;;;
1222SZ;;;;
1222TA;;;;
1222TB;;;;
1222TC;;;;
1222TD;;;;
1222TE;;;;
1222TG;;;;
1222TH;;;;
1222TJ;;;;
1222TK;;;;
1222VA;;;;
1222VB;;;;
1222VC;;;;
1222VE;;;;
1223AA;;;;
1223AB;;;;
1223AC;;;;
1223AD;;;;
1223AE;;;;
1223AG;;;;
1223AJ;;;;
1223AK;;;;
1223AL;;;;
1223AM;;;;
1223AN;;;;
1223AP;;;;
1223AR;;;;
1223AS;;;;
1223AT;;;;
1223AV;;;;
1223AW;;;;
1223AX;;;;
1223AZ;;;;
1223BA;;;;
1223BB;;;;
1223BC;;;;
1223BD;;;;
1223BE;;;;
1223BG;;;;
1223BH;;;;
1223BJ;;;;
1223BK;;;;
1223BL;;;;
1223BM;;;;
1223BN;;;;
1223BP;;;;
1223BR;;;;
1223BS;;;;
1223BT;;;;
1223BV;;;;
1223BW;;;;
1223BX;;;;
1223BZ;;;;
1223CA;;;;
1223CB;;;;
1223CC;;;;
1223CD;;;;
1223CE;;;;
1223CG;;;;
1223CH;;;;
1223CJ;;;;
1223CK;;;;
1223CL;;;;
1223CM;;;;
1223CN;;;;
1223CP;;;;
1223CR;;;;
1223CS;;;;
1223CT;;;;
1223CV;;;;
1223CW;;;;
1223CX;;;;
1223CZ;;;;
1223DA;;;;
1223DB;;;;
1223DE;;;;
1223DG;;;;
1223DH;;;;
1223DJ;;;;
1223DK;;;;
1223DL;;;;
1223DM;;;;
1223DN;;;;
1223DP;;;;
1223DR;;;;
1223DS;;;;
1223EA;;;;
1223EB;;;;
1223EC;;;;
1223ED;;;;
1223EE;;;;
1223EG;;;;
1223EH;;;;
1223EJ;;;;
1223EK;;;;
1223EL;;;;
1223EM;;;;
1223EN;;;;
1223EP;;;;
1223ER;;;;
1223ES;;;;
1223ET;;;;
1223EV;;;;
1223EW;;;;
1223EX;;;;
1223EZ;;;;
1223GA;;;;
1223GB;;;;
1223GC;;;;
1223GD;;;;
1223GE;;;;
1223GG;;;;
1223GH;;;;
1223GJ;;;;
1223GK;;;;
1223GL;;;;
1223GM;;;;
1223GN;;;;
1223GP;;;;
1223GR;;;;
1223GS;;;;
1223GT;;;;
1223GV;;;;
1223GW;;;;
1223GX;;;;
1223GZ;;;;
1223HA;;;;
1223HB;;;;
1223HC;;;;
1223HD;;;;
1223HE;;;;
1223HG;;;;
1223HH;;;;
1223HJ;;;;
1223HK;;;;
1223HL;;;;
1223HM;;;;
1223HN;;;;
1223HP;;;;
1223HR;;;;
1223HS;;;;
1223HT;;;;
1223HV;;;;
1223HW;;;;
1223HX;;;;
1223JA;;;;
1223JB;;;;
1223JC;;;;
1223JD;;;;
1223JE;;;;
1223JG;;;;
1223JH;;;;
1223JJ;;;;
1223JK;;;;
1223JL;;;;
1223JM;;;;
1223JN;;;;
1223JP;;;;
1223JR;;;;
1223JS;;;;
1223JT;;;;
1223JV;;;;
1223JW;;;;
1223JX;;;;
1223JZ;;;;
1223KA;;;;
1223KB;;;;
1223KC;;;;
1223KD;;;;
1223KE;;;;
1223KG;;;;
1223KH;;;;
1223KJ;;;;
1223KK;;;;
1223KL;;;;
1223KM;;;;
1223KN;;;;
1223KP;;;;
1223KR;;;;
1223KS;;;;
1223KT;;;;
1223KV;;;;
1223KW;;;;
1223KX;;;;
1223KZ;;;;
1223LB;;;;
1223LC;;;;
1223LD;;;;
1223LE;;;;
1223LG;;;;
1223LH;;;;
1223LJ;;;;
1223LK;;;;
1223LL;;;;
1223LM;;;;
1223LN;;;;
1223LP;;;;
1223LR;;;;
1223LS;;;;
1223LT;;;;
1223LV;;;;
1223LW;;;;
1223LX;;;;
1223MA;;;;
1223MB;;;;
1223MD;;;;
1223ME;;;;
1223MG;;;;
1223MH;;;;
1223MK;;;;
1223ML;;;;
1223MM;;;;
1223MR;;;;
1223MS;;;;
1223MT;;;;
1223NA;;;;
1223NB;;;;
1223NC;;;;
1223NE;;;;
1223NG;;;;
1223NH;;;;
1223NJ;;;;
1223NK;;;;
1223NP;;;;
1223NR;;;;
1223NS;;;;
1223NT;;;;
1223NV;;;;
1223NW;;;;
1223NX;;;;
1223NZ;;;;
1223PA;;;;
1223PB;;;;
1223PC;;;;
1223PD;;;;
1223PE;;;;
1223PG;;;;
1223PH;;;;
1223PJ;;;;
1223PK;;;;
1223PL;;;;
1223PM;;;;
1223PN;;;;
1223PP;;;;
1223PR;;;;
1223PS;;;;
1223PT;;;;
1223PV;;;;
1223PX;;;;
1223PZ;;;;
1223RA;;;;
1223RB;;;;
1223RC;;;;
1223RD;;;;
1223RE;;;;
1223RG;;;;
1223RH;;;;
1223RM;;;;
1223RN;;;;
1223RP;;;;
1223RR;;;;
1223RS;;;;
1223RT;;;;
1223RV;;;;
1223RW;;;;
1243LC;;;;